﻿CharaName_NameFormat,{0} {1},{0} {1}
CharaName_不苟言笑的道士,Serious Taoist,นักพรตเต๋าท่าทีเคร่งเครียด
CharaName_深沉阴冷的汉子,Deep and cold man,ชายผู้สุขุมนุ่มลึก
CharaName_脏兮兮的小乞丐,Dirty little beggar,ขอทานสกปรกตัวน้อย
CharaName_满脸凶相的大汉,Fierce-looking man,ชายหน้าตาดุดัน
CharaName_娇憨可掬的女孩,Cute and naive girl,หญิงสาวน่ารักและไร้เดียงสา
CharaName_一身酒气的汉子,Man reeking of alcohol,คนขี้เมา
CharaName_一脸冷峻的年轻人,Stern-faced young man,ชายหนุ่มสีหน้าเคร่งขรึม
CharaName_姿容秀丽的女孩,Beautiful girl,สาวงาม
CharaName_活力开朗的女孩,Lively and cheerful girl,สาวน้อยร่าเริงมีชีวิตชีวา
CharaName_阴沉狡诈的怪人,Gloomy and cunning weirdo,คนประหลาดที่มืดมนและเจ้าเล่ห์
CharaName_威风凛凛的将军,Majestic general,คนสง่างามทั่วไป
CharaName_气度不凡的道士,Taoist with extraordinary bearing,นักพรตเต๋าที่ไม่ธรรมดา
CharaName_贵气的中年人,middle-aged nobleman,ขุนนางวัยกลางคน
CharaName_醉眼迷离的中年人,Drunken middle-aged man,คุณลุงขี้เมา
CharaName_气度儒雅的老者,Elegant and Scholarly Elder,ปราชญ์อาวุโสผู้สง่างาม
CharaName_面带微笑的公子,Smiling young master,ปรมาจารย์หนุ่มยิ้ม
CharaName_一本正经的道人,Serious Taoist,นักพรตเต๋าท่าทีเคร่งเครียด
CharaName_古怪打扮的戏子,Strangely dressed actor,นักแสดงแต่งตัวแปลก
CharaName_风姿绰约的女郎,Graceful girl,สาวน้อยที่สง่างาม
CharaName_冷酷的中年人,Cold middle-aged man,คุณลุงเย็นชา
CharaName_神情肃穆的僧人,Solemn monk,หลวงจีนผู้เคร่งขรึม
CharaName_沉默内敛的僧人,Silent and introverted monk,หลวงจีนผู้เงียบขรึม
CharaName_肮脏邋遢的头陀,Sloppy monk,หลวงจีนทุศีล
CharaName_贼眉鼠眼的官员,Sneaky-looking official,เจ้าหน้าที่ที่ดูลับ ๆ ล่อ ๆ
CharaName_脾气暴躁的官员,Hot-tempered official,เจ้าหน้าที่หัวร้อน
CharaName_冷漠高傲的女子,Cold and arrogant woman,ผู้หญิงเย็นชาและเย่อหยิ่ง
CharaName_凶相毕露的乞丐,Fierce-looking beggar,ขอทานชั่วร้าย
CharaName_不怀好意的婆子,Malicious old woman,หญิงชราที่เป็นอันตราย
CharaName_大腹便便的屠户,Fat butcher,คนขายเนื้อตัวกลม
CharaName_戾气深重的汉子,Heavy hostile man,ชายไม่เป็นมิตร
CharaName_倔强的年轻小将,Stubborn young soldier,ทหารหนุ่มหัวแข็ง
CharaName_霸气内敛的中年人,Dominant and introverted middle-aged man,ชายวัยกลางคนที่โดดเด่นและเก็บตัว
CharaName_阴沉精明的公子哥,Gloomy and shrewd young master,ปรมาจารย์หนุ่มผู้มืดมนและฉลาด
CharaName_深沉寡言的壮汉,Deep and reticent strong man,ผู้ชายแข็งแกร่งที่ลึกลับและเงียบขรึม
CharaName_不怒自威的中年人,Majestic middle-aged man.,ชายวัยกลางคนผู้สง่างาม
CharaName_阴恻恻的书生,Melancholic scholar,ปราชญ์ผู้โศกเศร้า
CharaName_干练豪爽的女子,Able and bold woman.,ผู้หญิงที่เก่งและกล้าหาญ
CharaName_目盲的汉子,Blind man,ชายตาบอด
CharaName_飘逸出尘的老者,Elegant and detached elder,ผู้เฒ่าที่สง่างามและโดดเดี่ยว
CharaName_萎靡不振的年轻人,Depressed young man,ชายหนุ่มผู้ซึมเศร้า
CharaName_霸气外露的老者,Domineering elder,ผู้เฒ่าผู้ถูกครอบงำ
CharaName_不善言辞的剑客,Unspoken swordsman,มือกระบี่เงียบขรึม
CharaName_英姿飒爽的女子,Valiant woman,สตรีผู้ห้าวหาญ
CharaName_开朗豪放的剑客,Cheerful and unrestrained swordsman,นักดาบที่ร่าเริงและไร้การควบคุม
CharaName_沉默寡言的武士,Silent and taciturn warrior,นักรบผู้เงียบงันและเงียบขรึม
CharaName_阴恻狞笑的武士,Gloomy and grinning warrior,นักรบที่มืดมนและยิ้มแย้ม
CharaName_柔情似水的女子,Gentle and caring woman,หญิงสาวที่สุภาพอ่อนโยน
CharaName_面上有疤的糙汉子,Rough man with a scar on his face,ชายหยาบกร้านที่มีแผลเป็นบนหน้า
CharaName_机谋睿智的书生,Cunning and wise scholar,ปราชญ์ผู้ชาญฉลาด
CharaName_秀丽脱俗的女子,Elegant and refined woman,หญิงสาวที่สุภาพและสง่างาม
CharaName_精明睿智的生意人,Shrewd and wise businessman,นักธุรกิจที่ชาญฉลาด
CharaName_冷艳高傲的道姑,Cold and proud Taoist nun,แม่ชีลัทธิเต๋าที่เย็นชาและเย่อหยิ่ง
CharaName_皮糙肉厚的胖汉,Hardy fat man,คนอ้วนที่แข็งแกร่ง
CharaName_尖嘴猴腮的瘦子,Skinny guy with a sharp tongue,ชายร่างผอมวาจาเราะร้าย
CharaName_衣衫褴褛的怪老头,Ragged old man,ชายชรามอมแมม
CharaName_游历江湖的剑客,Wandering swordsman,มือกระบี่พเนจร
CharaName_神采奕奕的男子,Man in good spirits,ผู้ชายมีจิตใจดี
CharaName_沉默的独眼浪客,Silent one-eyed wanderer,ผู้พเนจรตาเดียวที่เงียบขรึม
CharaName_财大气粗的富商,Rich merchant,พ่อค้าร่ำรวย
CharaName_气质如兰的女子,Woman with an orchid-like temperament,ผู้หญิงที่มีอารมณ์อ่อนไหว
CharaName_一丝不苟的郎中,Meticulous doctor,คุณหมอสุดเข้มงวด
CharaName_颇有心机的将军,Cunning General,แม่ทัพเจ้าเล่ห์
CharaName_嚣张跋扈的公子,Arrogant and domineering young master,ปรมาจารย์หนุ่มผู้หยิ่งผยองและอีโก้สูง
CharaName_傲慢冷酷的少年,Arrogant and cold youth,ผู้เยาว์ที่เย่อหยิ่งและเย็นชา
CharaName_带面罩的神秘人,Mysterious person with mask,คนลึกลับสวมหน้ากาก
CharaName_深沉的年轻公子,Deep young gentlemen,บุรุษหนุ่มผู้ลึกล้ำ
CharaName_精灵古怪的女孩,Wacky girl,เด็กสาวประหลาด
CharaName_气质高贵的公子,Elegant gentlemen,สุภาพบุรุษผู้สูงศักดิ์
CharaName_眉心有疤的男子,Man with a scar on his brow,บุรุษผู้มีแผลเป็นที่คิ้ว
CharaName_霸气外露的男子,Domineering man,ชายหนุ่มผู้ถูกครอบงำ
CharaName_美艳冷傲的少妇,Beautiful and arrogant young woman,สตรีผู้งดงามและเย่อหยิ่ง
CharaName_一身土腥味的汉子,Man with a strong earthy smell,บุรุษผู้มีกลิ่นไอผืนดิน
CharaName_气质儒雅的中年人,Gentlemanly middle-aged man,สุภาพบุรุษวัยกลางคน
CharaName_狂傲不羁的书生,Arrogant and unruly scholar,นักศึกษาท่างทางเกเรและเย่อหยิ่ง
CharaName_个性跳脱的画师,Eccentric painter,จิตกรประหลาด
CharaName_清冷无言的女子,Cold and silent woman,สตรีผู้เงียบงันและเย็นชา
CharaName_满脸狞笑的壮汉,Grinning strong man,บุรุษท่าทางกำยำมีรอยยิ้มเปื้อนใบหน้า
CharaName_冷峻严肃的中年人,Stern and serious middle-aged man,ชายวัยกลางคนท่าทางเข้มงวดจริงจัง
CharaName_俊秀的年轻捕头,Handsome young constable,มือปราบหนุ่มรูปงาม
CharaName_俊秀飘逸的年轻人,Handsome and elegant young man,ชายหนุ่มหน้าตาหล่อเหลาสูงส่ง
CharaName_豪放不羁的剑客,Unrestrained swordsman,นักดาบผู้กล้าหาญและไร้ขีดจำกัด
CharaName_老态龙钟的婆婆,Doddering granny,ยายเฒ่าขาสั่น
CharaName_温柔典雅的女子,Gentle and elegant woman,ผู้หญิงที่อ่อนโยนและสง่างาม
CharaName_其貌不扬的伙计,Ugly attendant,เสี่ยวเอ้อหน้าอุบาทว์
CharaName_正直干练的士兵,Upright and capable soldier,นักรบที่ซื่อสัตย์และมีความสามารถ
CharaName_清冷的蒙面女子,Cold masked woman,สตรีคลุมหน้าท่าทีเย็นชา
CharaName_长相凶横的大汉,Fierce-looking man,ชายหน้าตาดุดัน
CharaName_性感豪放的女子,Sexy and unrestrained woman,สตรีงามสะคราญ ไร้ซึ่งพันธนาการ
CharaName_憔悴的囚服老者,Emaciated old man in prison uniform,ชายชราซีดเซียวในชุดนักโทษ
CharaName_彪悍的中年人,Fierce middle-aged man,ชายวันกลางคนท่าทางดุร้าย
CharaName_疲惫的中年人,Tired middle-aged man,ชายวัยกลางคนที่ดูอ่อนล้า
CharaName_勤劳的中年人,Hardworking middle-aged man,ชายวัยกลางคนพากเพียร
CharaName_玩世不恭的少年,Cynical youth,วัยรุ่นขี้สงสัย
CharaName_文质彬彬的老者,Gentle and refined Elder,ผู้อาวุโสท่าทางสูงส่งและใจกว้าง
CharaName_相貌丑陋的汉子,Ugly-looking man,ชายหน้าตาอัปลักษณ์
CharaName_昏昏欲睡的老者,Sleepy old man,ชายชราง่วงซึม
CharaName_挑担的小哥,Porter,คนขนของ
CharaName_肌肉有力的汉子,Muscular man,ชายบึกบึน
CharaName_猥琐的汉子,Sleazy man,ชายขี้เหนียว
CharaName_彪悍的汉子,Fierce man,คนดุดัน
CharaName_须发皆白的老者,Old man with white hair and beard,ชายชราผมเคราขาว
CharaName_风韵犹存的女子,Woman still charming,สตรีที่งดงาม
CharaName_憨厚的胖子,Simple and honest fat man,ชายอ้วนที่ซื่อสัตย์เรียบง่าย
CharaName_老管家,Old butler,พ่อบ้านชรา
CharaName_伤心断肠的书生,Heartbroken scholar,บัณฑิตใจสลาย
CharaName_孔武有力的武夫,Strong-armed warrior,นักรบที่แข็งแกร่ง
CharaName_神情倨傲的公子,Arrogant young master,นายน้อยเย่อหยิ่ง
CharaName_僧人,Monk,หลวงจีน
CharaName_小沙弥,Novice monk,หลวงจีนฝึกหัด
CharaName_严肃冷峻的师兄,Stern and cold senior brother,ศิษย์พี่ผู้เข้มงวด และเย็นชา
CharaName_和蔼可亲的师兄,Kind and friendly senior brother,ศิษย์พี่ผู้ใจดีและเป็นมิตร
CharaName_面目狰狞的师兄,Fierce-looking senior brother,ศิษย์พี่หน้าตาดุดัน
CharaName_腿脚不便的老者,Old man with difficulty walking,ชายชราขาไม่ดี
CharaName_鼻青脸肿的拳师,Bruised boxer,นักสู้บาดเจ็บ
CharaName_和蔼慈祥的老儒,Kind and benevolent old scholar,บัณฑิตชราใจดีมีเมตตา
CharaName_精明市侩的商贩,Shrewd and mercenary merchant,พ่อค้าเจ้าเล่ห์
CharaName_哑口无言的婆婆,Mute old woman,หญิงชราใบ้
CharaName_满脸胡须的大汉,Bearded man,ชายไว้เครา
CharaName_天真无邪的女孩,Ingenue,เด็กสาวผู้ไร้เดียงสา
CharaName_举止猥琐的老头,A lewd old man,เฒ่าเสเพล
CharaName_群芳馆·馆主,Qunfang Hall Dojokeeper,ผู้ดูแลหอคุนฟาง
CharaName_身上有伤的妇人,Injured Women,หญิงบาดเจ็บ
CharaName_风流倜傥的剑客,Charming Swordsman,นักดาบห้าวหาญ
CharaName_欧阳,Ouyang,โอวหยาง
CharaName_花,Hua,ฮวา
CharaName_洛,Luo,ลั่ว
CharaName_华,Hua,ฮวา
CharaName_福箐郡主,Princess Fuqing,องค์หญิงฟู่ชิง
CharaName_曲,Qu,ฉู่
CharaName_绛,Jiang,เจียง
CharaName_叶,Ye,เย่
CharaName_长春子,Chang Chunzi,ฉางชุนจื่อ
CharaName_苗,Miao,เมี้ยว
CharaName_洪,Hong,หง
CharaName_任,Ren,เหริน
CharaName_释,Shi,ซื่อ
CharaName_凌,Ling,หลิง
CharaName_佟,Tong,ถง
CharaName_重,Zhong,ฉง
CharaName_方,Fang,ฟาง
CharaName_柴,Chai,ไฉ
CharaName_邋遢张,Zhang Lata,ลาทาจาง
CharaName_蔡,Cai,ไช่
CharaName_损道人,Sun Daoren,ซุนเต้าเหริน
CharaName_疯戏子,Feng Xizi,เฟิงซีสือ
CharaName_曼陀罗,Man Tuoluo,ม่านถัวหลัว
CharaName_步,Bu,ปู้
CharaName_华严,Hua Yan,ฮวาเหยียน
CharaName_慧元,Hui Yuan,ฮุ่ยหยวน
CharaName_癞头癫,Lai Toudian,หล่ายโถ่วเตียน
CharaName_秦,Qin,ฉิน
CharaName_慕容,Murong,มู่หรง
CharaName_恶乞丐,E Qigai,เอ้อร์ฉีไก้
CharaName_毒伢婆,Du Yapo,ตู๋หยาผอ
CharaName_庖,Pao,เปา
CharaName_完颜,Wanyan,หวันเหยียน
CharaName_萧,Xiao,เสี่ยว
CharaName_定,Ding,ติง
CharaName_诸葛,Zhuge,จูเก๋อ
CharaName_穆,Mu,มู่
CharaName_扶摇子,Fu Yaozi,ฟู๋เหยาจื่อ
CharaName_残棋,Can Qi,คานฉี
CharaName_剑痴,Jian Chi,มารกระบี่
CharaName_欧冶,Ou Ye,โอวเย่
CharaName_韩,Han,หาน
CharaName_独孤,Dugu,ตู๋กู
CharaName_柳生,Yagyū,ยางิว
CharaName_服部,Hattori,ฮัตโตริ
CharaName_月咏,Tsukuyo,ซึคุโยะ
CharaName_孔,Kong,ขง
CharaName_计,Ji,จี้
CharaName_顾,Gu,กู่
CharaName_说书人,Shuo Shuren,โช่วชูเหริน
CharaName_沈,Shen,เสิน
CharaName_老魔头,Old Demon,ปีศาจเฒ่า
CharaName_牛,Niu,หนิว
CharaName_李,Li,หลี่
CharaName_江南怪,Jiang Nanguai,เจียงหนานไกว่
CharaName_廖,Liao,เหลียว
CharaName_时,Shi,สือ
CharaName_石,Shi,ฉือ
CharaName_柳,Liu,หลิ่ว
CharaName_吕,Lü,ลู่
CharaName_燕,Yan,เยี่ยน
CharaName_铁面人,Tie Mianren,เถี่ยเหมียนเหริน
CharaName_康王,Duke Kang,อ๋องคัง
CharaName_紫,Zi,จื่อ
CharaName_霍,Huo,ฮั่ว
CharaName_公孙,Gongsun,กงซุน
CharaName_命,Ming,หมิง
CharaName_齐王,Duke Qi,อ๋องฉี
CharaName_裘,Qiu,ฉิว
CharaName_书,Shu,ซู
CharaName_画,Hua,ฮวา
CharaName_哑,Ya,หยา
CharaName_霸,Ba,เผด็จการ
CharaName_陆,Lu,ลู่
CharaName_唐,Tang,ถัง
CharaName_杨,Yang,หยาง
CharaName_半瓶,Ban Ping,ป้านผิง
CharaName_鬼,Gui,กุ่ย
CharaName_一枝花,Yi Zhihua,ยี่จื่อฮัว
CharaName_宣和,Xuan He,ซวนเหอ
CharaName_建炎,Jian Yan,เจี้ยนเหยียน
CharaName_啸月,Xiao Yue,เสี่ยวเยว่
CharaName_赤睛,Chi Jing,ชี่จิง
CharaName_刚烈,Gang Lie,กังเลี่ย
CharaName_大黑,Da Hei,ต้าเฮย
CharaName_司晨,Si Chen,ซื่อเฉิน
CharaName_山君,Shan Jun,ชานจุน
CharaName_白首,Bai Shou,ไป๋เฉียว
CharaName_灵猿,Ling Yuan,หลิงหยวน
CharaName_玄霜,Xuan Shuang,ซวนชวง
CharaName_三花,San Hua,ซานฮวา
CharaName_流浪狗,Stray Dog,สุนัขจรจัด
CharaName_黑猿,Hei Yuan,เฮยหยวน
CharaName_刘,Liu,หลิว
CharaName_樵夫,Woodcutter,คนตัดฟืน
CharaName_农夫,Farmer,ชาวนา
CharaName_包打听,Bao Dating,เปาต้าถิง
CharaName_村长,Village Head,หัวหน้าหมู่บ้าน
CharaName_王,Wang,หวัง
CharaName_渔夫,Fisherman,ชาวประมง
CharaName_小宝,Xiao Bao,เสี่ยวเป่า
CharaName_小花,Xiao Hua,เสี่ยวฮวา
CharaName_小丫,Xiao Ya,เสี่ยวหยา
CharaName_货郎,Peddler,พ่อค้าหาบเร่
CharaName_采石匠,Quarryman,คนงานเหมือง
CharaName_车夫,Coachman,คนขับรถม้า
CharaName_马,Horse,ม้า
CharaName_猥琐的山贼,Creepy Bandit,โจรสกปรก
CharaName_彪悍的山贼,Mighty Bandit,โจรผู้แข็งแกร่ง
CharaName_白头翁,Bai Touweng,ไป่โถวเวิ่ง
CharaName_落魄江湖人,Gloomy Vagabond,ผู้พเนจรยากไร้
CharaName_屠户,Butcher,คนขายเนื้อ
CharaName_守卫,Guard,ยาม
CharaName_掌柜,Shopkeeper,เจ้าของร้าน
CharaName_店小二,Waiter,เสี่ยวเอ้อ
CharaName_铁匠,Blacksmith,ช่างตีเหล็ก
CharaName_朝奉,Courtier,ข้าหลวง
CharaName_保镖,Bodyguard,ผู้คุ้มกัน
CharaName_伙计,Clerk,เสี่ยวเอ้อ
CharaName_知府,Prefect,นายอำเภอ
CharaName_师爷,Clerk,กุนซือ
CharaName_捕头,Constable,มือปราบ
CharaName_馆主,Dojokeeper,เจ้าของโรงฝึก
CharaName_郎中,Doctor,หมอ
CharaName_药童,Pharmacy boy,เด็กร้านยา
CharaName_厨师,Chef,พ่อครัว
CharaName_守塔将军,Tower guarding general,แม่ทัพเฝ้าหอคอย
CharaName_住持,Abbot,เจ้าอาวาส
CharaName_家丁,Servant,คนรับใช้
CharaName_商贩,Merchant,คนขายของ
CharaName_丫鬟,Servant girl,หญิงรับใช้
CharaName_侍女,Maid,แม่บ้าน
CharaName_护卫,Guard,ผู้คุ้มกัน
CharaName_镖师,Escort Lieutenant,ผู้คุ้มภัย
CharaName_狱卒,Prison guard,ผู้คุม
CharaName_耍猴人,Monkey trainer,ครูฝึกลิง
CharaName_猴子,Monkey,ลิง
CharaName_卖艺男子,Performing man,นักเล่นกายกรรม
CharaName_舞姬,Dancer,นางรำ
CharaName_小厮,Boy servant,เด็กรับใช้
CharaName_打更人,Night Watchman,ยามกลางคืน
CharaName_差役,Bailiff,เจ้าหน้าที่
CharaName_护院武师,Guardian martial artist,จอมยุทธ์ผู้คุ้มภัย
CharaName_武馆弟子,Martial arts disciple,ลูกศิษย์ฝึกยุทธ
CharaName_看门人,Doorman,คนเฝ้าประตู
CharaName_司仪,Emcee,พิธีกร
CharaName_康王府侍女,Duke Kang's manor maid,คนรับใช้ตำหนักอ๋องคัง
CharaName_老婆婆,Old granny,ยายเฒ่าชรา
CharaName_老爷爷,Old grandpa,ตาเฒ่าชรา
CharaName_中年,Middle-aged,วัยกลางคน
CharaName_孤寡老妇人,Lonely old widow,แม่ม่ายชราโดดเดี่ยว
CharaName_武者,Warrior,นักรบ
CharaName_主簿,Registrar,นายทะเบียน
CharaName_庄家,Dealer,เจ้ามือบ่อน
CharaName_路人,Passerby,คนผ่านทาง
CharaName_观主,Temple master,ผู้สังเกตการณ์
CharaName_道士,Taoist priest,นักพรตเต๋า
CharaName_丁员外,Merchant Ding,พ่อค้าของสกุลติง
CharaName_丁小姐,Lady Ding,แม่นางติง
CharaName_护院,Guardian,ผู้พิทักษ์
CharaName_院长,Dean,คณบดี
CharaName_管家,Butler,หัวหน้าคนใช้
CharaName_侍妾,Concubine,สนม
CharaName_士兵,Soldier,ทหาร
CharaName_将领,General,แม่ทัพ
CharaName_云游道人,Wandering Taoist,นักพรตพเนจร
CharaName_壮汉,Strong man,ชายแข็งแรง
CharaName_混混,Ruffian,อันธพาล
CharaName_老奶奶,Old granny,ยายเฒ่าชรา
CharaName_学童,Schoolboy,เด็กนักเรียนชาย
CharaName_门卫,Gatekeeper,คนเฝ้าประตู
CharaName_野猫,Stray cat,แมวจรจัด
CharaName_乞丐,Beggar,ขอทาน
CharaName_白羽,Bai Yu,ไป๋หยู
CharaName_沙弥,Novice monk,สามเณร
CharaName_楼主,Building owner,เจ้าของตึก
CharaName_仆人,Servant,คนรับใช้
CharaName_妇女,Woman,หญิงสาว
CharaName_小孩,Child,เด็ก
CharaName_管事,Steward,ผู้ดูแล
CharaName_西域商人,Western merchant,พ่อค้าแดนตะวันตก
CharaName_锦衣女子,Woman in brocade,ผู้หญิงในชุดผ้า
CharaName_老黄牛,Old yellow ox,วัวเหลืองเฒ่า
CharaName_大黑狗,Big black dog,หมาดำตัวใหญ่
CharaName_大白鹅,Big White Goose,ห่านขาวตัวใหญ่
CharaName_老母鸡,Old Hen,ไก่แก่
CharaName_大公鸡,Big Rooster,ไก่ตัวผู้ตัวใหญ่
CharaName_野狼,Wild Wolf,หมาป่า
CharaName_野猪,Wild Boar,หมูป่า
CharaName_蝮蛇,Viper,งูพิษ
CharaName_灰狼,Grey Wolf,หมาป่าเทา
CharaName_毒蝎,Poisonous Scorpion,แมงป่องพิษ
CharaName_落单的野猪,Lone Wild Boar,หมูป่าเดียวดาย
CharaName_喽罗,Thug,อันธพาล
CharaName_练功武师,Martial Arts Trainer,ผู้ฝึกสอนวรยุทธ
CharaName_恶犬,Vicious dog,สุนัขดุร้าย
CharaName_中年妇人,Middle-aged Woman,หญิงวัยกลางคน
CharaName_年轻妇人,Young Woman,หญิงสาว
CharaName_机关人,Machinery Man,ช่างกล
CharaName_行商,Traveling salesman,พ่อค้าเร่
CharaName_艄公,Boatman,คนพายเรือ
CharaName_游戏研发人员,Game Developer,ผู้พัฒนาเกม
CharaName_妙音坊弟子,Melody House Disciple,ศิษย์ตำหนักบทเพลง
CharaName_儒圣馆弟子,Confucius Temple Disciple,ศิษย์วัดขงจื๊อ
CharaName_宦官,Eunuch,ขันที
CharaName_蛊仙教弟子,Gu Immortal Sect Disciple,ศิษย์นิกายเซียนกู่
CharaName_蚍蜉城死士,Dragonfly City Minions,ลูกน้องเมืองแมลงปอ
CharaName_护院高手,Guardian Expert,ผู้พิทักษ์มากฝีมือ
CharaName_茶博士,Tea Doctor,หมอชา
CharaName_山贼,Mountain Bandit,โจรภูเขา
CharaName_黄米豆沙粽,Yellow Rice and Red Bean Zongzi,บ๊ะจ่างข้าวเหลือง และถั่วแดง
CharaName_腊肉香肠粽,Cured Meat Sausage Zongzi,บ๊ะจ่างไส้กรอกเนื้อ
CharaName_莲藕凉糕粽,Lotus Root Cold Cake Zongzi,บ๊ะจ่างเค้กรากบัวเย็น
CharaName_椒盐豌豆粽,Salt and Pepper Pea Zongzi,บ๊ะจ่างถั่วพริกเกลือ
CharaName_端午郎君,Dragon Boat Festival Lord,เจ้าแห่งเทศกาลไหว้บ๊ะจ่าง
CharaName_武僧,Martial Monk,หลวงจีนนักสู้
CharaName_铜人,Bronze man,มนุษย์ทองแดง
CharaName_练功武僧,Training Monk,หลวงจีนในการฝึก
CharaName_释痴,Shi Chi,ซื่อชี
CharaName_释贪,Shi Tan,ซื่อถาน
CharaName_释慢,Shi Man,ซื่อหมาน
CharaName_大师兄,Eldest Brother,พี่ใหญ่
CharaName_释愚,Shi Yu,ซื่อหยู
CharaName_释厄,Shi E,ซื่อเอ้อร์
CharaName_守经弟子,Scripture Guardian Disciple,ศิษย์พิทักษ์หอคัมภีร์
CharaName_香客,Pilgrim,ผู้แสวงบุญ
CharaName_罗汉堂首座,Arhat Hall Head,หัวหน้าหออรหันต์
CharaName_金身铜人,Golden Body Bronze Man,มนุษย์ทองแดงกายทองคำ
CharaName_弟子,Disciple,ศิษย์
CharaName_真人,Spiritual master,นักพรตเต๋า
CharaName_药师,Pharmacist,เภสัชกร
CharaName_长老,Elder,ผู้อาวุโส
CharaName_儒生,Scholar,ปราชญ์
CharaName_祭酒,Priests,นักบวช
CharaName_老儒生,Old Scholar,ปราชญ์อาวุโส
CharaName_童生,Child Scholar,บัณฑิตเด็ก
CharaName_司业,Siyi,ซือเย่
CharaName_精英,Elite,ยอดฝีมือ
CharaName_练功精英,Training Elite,ผู้ฝึกฝนชั้นยอด
CharaName_乐姬,Musician,นักดนตรี
CharaName_捕快,Constable,มือปราบ
CharaName_护法,Guardian,ผู้พิทักษ์
CharaName_练功护法,Training Guardian,ผู้พิทักษ์ฝึกหัด
CharaName_军士,Sergeant,จ่า
CharaName_统领,Commander,ผู้บัญชาการ
CharaName_千夫长,Chiliarch,หัวหน้า
CharaName_训练官,Training Officer,เจ้าหน้าที่ฝึกหัด
CharaName_百夫长,Centurion,นายร้อย
CharaName_上京军,Capital Army,กองทัพหลวง
CharaName_中都军,Central Army,กองทัพกลาง
CharaName_南京军,Southern Capital Army,กองทัพหลวงทิศใต้
CharaName_教头,Instructor,ครูฝึก
CharaName_机关傀牛,Machinery Bull,กระทิงจักรกล
CharaName_校尉,Colonel,ผู้พัน
CharaName_背嵬军,Beiwei Army,ทัพเป่ยเว่ย
CharaName_选锋军,Elite Army,ทัพหลวง
CharaName_胜捷军,Shengjie Army,กองทัพเซิ่งเจี๋ย
CharaName_踏白军,Vanguard Army,กองทัพแนวหน้า
CharaName_下隐,Junior Hermit,ฤาษีรุ่นน้อง
CharaName_上隐,Senior Hermit,ฤาษีอาวุโส
CharaName_干将,Ganjiang,ลูกน้อง
CharaName_族人,Clanman,คนในเผ่า
CharaName_蛊人,Gu Man,กู่หมาน
CharaName_练功弟子,Training Disciple,ศิษย์ในการฝึกฝน
CharaName_镖头,Elite Escort,หัวหน้าสำนักคุ้มภัย
CharaName_舞娘,Dancer,นางรำ
CharaName_帮众,Gang Member,สมาชิกพรรค
CharaName_守关铜人,Guardian Bronze Man,ผู้พิทักษ์มนุษย์ทองแดง
CharaName_中年汉子,Middle-aged Man,ชายวัยกลางคน
CharaName_老翁,Old Man,ชายชรา
CharaName_老妪,Old Woman,หญิงชรา
CharaName_幼童,Child,เด็ก
CharaName_喽啰,Thug,อันธพาล
CharaName_马王爷,Horse Prince,องค์ชายม้า
CharaName_猕猴,Macaque,ลิงกัง
CharaName_蜥蜴,Lizard,กิ้งก่า
CharaName_青蛇,Green Snake,งูเขียว
CharaName_守陵傀儡,Tomb Guardian Puppet,หุ่นเชิดพิทักษ์สุสาน
CharaName_老大,Boss,หัวหน้า
CharaName_流民,Refugee,ผู้ลี้ภัย
CharaName_吊睛虎,Cross-eyed Tiger,เสือตาเหล่
CharaName_守陵傀牛,Tomb Guardian Bull,กระทิงพิทักษ์สุสาน
CharaName_人伢婆,Old Hag,ยายแก่
CharaName_草上飞,Grasshopper,เฉาซ่างเฟย
CharaName_破戒僧,Oathsbreak Monk,หลวงจีนทุศีล
CharaName_独眼龙,One-eyed Dragon,มังกรตาเดียว
CharaName_昆仑奴,Kunlun Slave,ทาสคุนหลุน
CharaName_邪教徒,Cultist,ผู้คลั่งลัทธิ
CharaName_偷盗者,Thief,ขโมย
CharaName_江洋大盗,Robber baron,โจรทางหลวง
CharaName_采花大盗,Sex Thief,โจรปล้นสวาท
CharaName_浑身酸臭的乞丐,Stinky Beggar,ขอทานตัวเหม็น
CharaName_年轻乞丐,Young Beggar,ขอทานน้อย
CharaName_满脸凶相的泼皮,Fierce-faced Ruffian,อันธพาลหน้าชั่วร้าย
CharaName_泼皮的同伙,Ruffian's Accomplice,ผู้สมรู้ร่วมคิดของอันธพาล
CharaName_鬼鬼祟祟的蒙面人,Sneaky Masked Man,ชายสวมหน้ากากลับๆล่อๆ
CharaName_富商,Rich Merchant,พ่อค้ามั่งมี
CharaName_水贼,Water Bandit,โจรสลัด
CharaName_商人,Merchant,พ่อค้า
CharaName_官员,Official,เจ้าหน้าที่
CharaName_被擒兄弟,Captured Brother,เชลย
CharaName_黑衣人,Man in black,ชายชุดดำ
CharaName_燕子窝弟子,Swallow's Nest Disciple,ศิษย์รังนกนางแอ่น
CharaName_蒙面人,Masked Man,ชายสวมหน้ากาก
CharaName_老实巴交的中年人,Honest Middle-aged Man,ชายซื่อสัตย์วัยกลางคน
CharaName_楚楚动人的少妇,Charming Young Woman,หญิงสาวที่มีเสน่ห์
CharaName_恶匪,Evil Bandit,โจรชั่ว
CharaName_鸭,Duck,เป็ด
CharaName_三花猫,San Hua Cat,แมวซานฮวา
CharaName_大黄牛,Big Yellow Ox,วัวเหลืองตัวใหญ่
CharaName_公鸡,Rooster,ไก่ตัวผู้
CharaName_鳄鱼,Crocodiles,จระเข้
CharaName_猥琐的衙役,Sleazy Bailiff,เจ้าหน้าที่สกปรก
CharaName_蛮横的壮汉,Bully Strongman,ผู้แข็งแกร่งที่หยิ่งผยอง
CharaName_异域妩媚女子,Exotic Charming Woman,หญิงต่างชาติที่มีเสน่ห์
CharaName_恶汉,Evil Man,ชายชั่วร้าย
CharaName_舞棍的男子,Stick Dancing Man,ชายรำกระบอง
CharaName_擂台参赛者,Arena Competitor,ผู้เข้าแข่งลานประลอง
CharaName_竞技场参赛者,Arena Participant,ผู้เข้าร่วมลานประลอง
CharaName_迷宫机关人,Maze Machinery Man,ชายคลั่งค่ายกลและกลไก
CharaName_神秘人,Mysterious Man,บุรุษลึกลับ
CharaName_兵士,Soldier,ทหาร
CharaName_帮手,Helper,ผู้ช่วย
CharaName_邋遢乞丐,Ragged Beggar,ขอทานซอมซ่อ
CharaName_老者,Old Man,ชายชรา
CharaName_金兵,Golden Soldier,นักรบทองคำ
CharaName_山贼头目,Brigand,โจร
CharaName_泼皮,Hooligan,อันธพาล
CharaName_江湖人·甲,Vagabond A,ผู้พเนจร ก.
CharaName_江湖人·乙,Vagabond B,ผู้พเนจร ข.
CharaName_二麻子,Er Mazi,เอ๋อหม่าจื่อ
CharaName_牢头,Prison Head,หัวหน้าเรือนจำ
CharaName_士卒,Soldier,ทหาร
CharaName_将军,General,แม่ทัพ
CharaName_冯,Feng,เฟิง
CharaName_燕国士兵,Yan Country Soldier,ทหารแคว้นเยี่ยน
CharaName_燕国将领,Yan Country General,แม่ทัพแคว้นเยี่ยน
CharaName_杀手,Assassin,นักฆ่า
CharaName_白衣书生,White-clothed Scholar,ปราชญ์ชุดขาว
CharaName_带斗笠人,Man with Bamboo Hat,ชายสวมหมวกสานไม้ไผ่
CharaName_无聊人,Bored Man,คนน่าเบื่อ
CharaName_看热闹的闲汉,Busybody,คนยุ่ง
CharaName_商人·甲,Merchant·A,พ่อค้า ก.
CharaName_商人·乙,Merchant·B,พ่อค้า ข.
CharaName_破戒的和尚,Oathsbreak Monk,หลวงจีนสัตย์ปฏิญาณ
CharaName_还俗的道士,Secular Taoist,นักพรตฆราวาส
CharaName_沉默的武人,Silent Warrior,นักรบไร้เสียง
CharaName_嚣张的武人,Arrogant Warrior,นักรบเย่อหยิ่ง
CharaName_博学的书生,Learned Scholar,ปราชญ์ผู้รอบรู้
CharaName_多年参赛者,Long-time Participant,ผู้เข้าแข่งขาประจำ
CharaName_凑数的路人,Filler Bystander,คนแก้ขัดข้างทาง
CharaName_耍剑的少年,Sword-playing Youth,มือกระบี่ฝึกหัด
CharaName_懒散的家丁,Lazy Servant,คนรับใช้เกียจคร้าน
CharaName_黑衣人头领,Black-clothed Leader,หัวหน้าคนชุดดำ
CharaName_楚襄武馆弟子,Chuxiang Dojo Disciple,ศิษย์โรงฝึกฉู่เซียง
CharaName_大梁武馆弟子,Daliang Dojo Disciple,ศิษย์โรงฝึกต้าเหลียง
CharaName_霖安武馆弟子,Lin'an Dojo Disciple,ศิษย์โรงฝึกหลินอัน
CharaName_打手,Henchman,ผู้ติดตาม
CharaName_执法弟子,Law Enforcement Disciple,ศิษย์ผู้บังคับใช้กฎหมาย
CharaName_一只眼的江湖客,One-eyed Wanderer,ผู้พเนจรตาเดียว
CharaName_老当益壮的脏乞丐,Strong Dirty Beggar,ขอทานสกปรกที่แข็งแกร่ง
CharaName_不守清规的破戒僧,Rule-breaking Renegade Monk,หลวงจีนที่ฝ่าฝืนกฎ
CharaName_不甘寂寞的店小二,Lonely Waiter,เสี่ยวเอ้อผู้โดดเดี่ยว
CharaName_霸气侧漏的虬髯客,Dominant Bearded Guest,แขกมีเคราที่โดดเด่น
CharaName_深藏不露的黑衣人,Shrewd Black Man,ชายชุดดำลึกลับ
CharaName_忧郁阴沉的江湖客,Gloomy Wanderer,ผู้หลงทางที่มืดมน
CharaName_风度翩翩的公子哥,Graceful Young Gentleman,สุภาพบุรุษหนุ่มผู้สง่างาม
CharaName_自命不凡的摆渡人,Self-proclaimed Ferryman,คนพายเรือที่อวดรู้
CharaName_身强体壮的莽汉,Tough Guy,คนแกร่ง
CharaName_孱弱的老婆婆,Frail Old Woman,หญิงชราที่อ่อนแอ
CharaName_慵懒的守卫,Lazy Guard,ยามขี้เกียจ
CharaName_惹事的混混,Troublemaker,พวกอันธพาลก่อปัญหา
CharaName_黑子,Black Piece,หมากดำ
CharaName_白子,White Piece,หมากขาว
CharaName_楚襄城差役,Chuxiang City Bailiff,เจ้าหน้าที่เมืองฉู่เซียง
CharaName_江湖人士,Vagabond,ผู้พเนจร
CharaName_无极观观主,Master of Wuji View,เจ้าอาวาสวัดอู๋จี๋
CharaName_冷香门门主,Master of Lengxiang Gate,ปรมาจารย์สำนักเหลิงเซียง
CharaName_飞鹰帮帮主,Master of Flying Eagle Gang,หัวหน้าพรรคอินทรีเหิน
CharaName_烂柯寺住持,Abbot of Lankesi,เจ้าอาวาสวัดหลานเค่อ
CharaName_悬空阁阁主,Master of Xuankong Pavilion,ปรมาจารย์ ซวนคง
CharaName_青蛇帮帮主,Master of Green Snake Gang,หัวหน้าพรรคงูเขียว
CharaName_飞羽帮帮主,Master of Flying Feather Gang,หัวหน้าพรรคขนนกบิน
CharaName_太华宗宗主,Master of Taihua Sect,เจ้าสำนักไท่ฮัว
CharaName_迷踪门门主,Master of Mizong Gate,เจ้านิกายสาบสูญ
CharaName_猿赖氏,Yuan Lai Clan,ตระกูลหยวนไล๋
CharaName_左天,Zuo Tian,จั่วเทียน
CharaName_副指挥使,Deputy Commander,รองผู้บัญชาการ
CharaName_孤儿,Orphan,เด็กกำพร้า
CharaName_乌骨,Wu Gu,อู๋กู่
CharaName_平明,Ping Ming,ผิงหมิง
CharaName_贺晓,He Xiao,เหอเสี่ยว
CharaName_丹顶,Dan Ding,ต้านติง
CharaName_王二狗,Wang Ergou,หวังเอ๋อกั๋ว
CharaName_刘大壮,Liu Dazhuang,หลิวต้าจวง
CharaName_赵旺财,Zhao Wangcai,จ้าวหวังไช่
CharaName_李毛蛋,Li Maodan,หลี่เหมาต้าน
CharaName_书生,Scholar,ปราชญ์
CharaName_千金,Rich Lady,หญิงมั่งมี
CharaName_江湖人·丙,Vagabond C,ผู้พเนจร ปิง
CharaName_江湖人·丁,Vagabond D,ผู้พเนจร ติง
CharaName_江湖人·戊,Vagabond E,ผู้พเนจร หวู่
CharaName_邪郎中,Evil Physician,หมอปีศาจ
CharaName_中年妇女,Middle-aged Woman,หญิงวัยกลางคน
CharaName_中年男人,Middle-aged Man,ชายวัยกลางคน
CharaName_逃犯,Fugitive,ผู้ลี้ภัย
CharaName_关卡差役,Checkpoint Bailiff,เจ้าหน้าที่จุดตรวจ
CharaName_真武弟子,Zhenwu Disciple,ศิษย์เจิ้นหวู่
CharaName_弓手,Archer,มือธนู
CharaName_释法寺传人,Shifa Temple Successor,ผู้สืบทอดอารามฉีฟา
CharaName_儒圣馆传人,Confucius Temple Successor,ผู้สืบทอดวัดขงจื้อ
CharaName_死士,Desperate,ทหารที่ตายแล้ว
CharaName_江湖人,Vagabond,ชาวยุทธ
CharaName_齐王护卫,Duke Qi Guard,องครักษ์อ๋องฉี
CharaName_齐王精锐护卫,Duke Qi Elite Guard,องครักษ์อ๋องฉีขั้นสูง
CharaName_夺宝者,Treasure Hunter,นักล่าสมบัติ
CharaName_闲汉,Loafer,คนเสเพล
CharaName_守关人,Gatekeeper,คนเฝ้าประตู
CharaName_戒律弟子,Disciple of Precepts,ศิษย์ผู้เคร่งศาสนา
CharaName_释忧,Shi You,ซื่อโหยว
CharaName_释喜,Shi Xi,ซื่อซี
CharaName_释恐,Shi Kong,ซื่อคง
CharaName_释悲,Shi Bei,ซื่อเป่ย
CharaName_释惊,Shi Jing,ซื่อจิง
CharaName_释怒,Shi Nu,ซื่อนู
CharaName_释思,Shi Si,ซื่อซือ
CharaName_副将,Deputy General,รองแม่ทัพ
CharaName_普通木人桩,Ordinary Wooden Dummy,หุ่นไม้ธรรมดา
CharaName_重型木人桩,Heavy Wooden Dummy,หุ่นไม้หนัก
CharaName_罗汉,Arhat,อรหันต์
CharaName_道玄宗传人,Taoist Sect Successor,ผู้สืบทอดสำนักเต๋า
CharaName_蔡攸之,Cai Youzhi,ไช่โหยวจื่อ
CharaName_安抚副使,Deputy Pacifier,รองทูต
CharaName_高僧残念,High Monk Remnant,หลวงจีนโทมนัส
CharaName_守城将领,City Defense General,แม่ทัพป้องกันเมือง
CharaName_守城士兵,City Defense Soldier,ทหารป้องกันเมือง
CharaName_守城弓兵,City Defense Archer,พลธนูป้องกันเมือง
CharaName_老妇人,Old Woman,หญิงชรา
CharaName_老人,Old Man,ชายชรา
CharaName_妇人,Woman,หญิงสาว
CharaName_头目,Leader,ผู้นำ
CharaName_流寇,Roving bandit,โจรอันธพาล
CharaName_霖安城乞丐,Lin'an City Beggar,ขอทานเมืองหลินอัน
CharaName_贴身,Close Guard,ยามชั้นใน
CharaName_大内将军,Palace General,แม่ทัพวังหลวง
CharaName_大内侍卫,Palace Guard,ทหารองครักษ์
CharaName_大内弓兵,Palace Archer,พลธนูวังหลวง
CharaName_年轻人·甲,Young Man·Jia,ชายหนุ่ม เจี๋ย
CharaName_年轻人·乙,Young Man·Yi,ชายหนุ่ม อี้
CharaName_甲,A,เจี่ย
CharaName_乙,B,อี้
CharaName_丙,C,ปิง
CharaName_野和尚,Wild Monk,หลวงจีนป่า
CharaName_假道士,Fake Taoist,นักพรตปลอม
CharaName_祝指生,Zhu Zhisheng,จู้ จื่อเซิง
CharaName_文征明,Wen Zhengming,เหวินเจิ้งหมิง
CharaName_徐真卿,Xu Zhenqing,ซูเจิ้งชิง
CharaName_鲁唐生,Lu Tangsheng,ลู่ถังเซิง
CharaName_魔化·蔡元常,Demonize · Cai Yuanchang,ปีศาจ ไช่หยวนฉาง
CharaName_书圣,Book Master,ปราชญ์แห่งการประดิษฐ์ตัวอักษร
CharaName_画圣,Painting Master,ปราชญ์จิตรกรรม
CharaName_棋圣,Chess Master,ปราชญ์หมากรุก
CharaName_琴圣,Zither Master,ปราชญ์กู่ฉิน
CharaName_观众,Audience,ผู้ชม
CharaName_棕熊,Brown Bear,หมีน้ำตาล
CharaName_猛虎,Fierce Tiger,เสือดุร้าย
CharaName_白猿,White Ape,ลิงขาว
CharaName_火猪,Fire Pig,หมูอัคคี
CharaName_雪狼,Snow Wolf,หมาป่าหิมะ
CharaName_恶猴,Evil Monkey,ลิงชั่วร้าย
CharaName_食铁兽,Iron-eating Beast,อสูรกินเหล็ก
CharaName_翠太岁,Cui Taisui,ฉุยไท่ซุย
CharaName_刁蛇斧,Snake Axe,ขวานงู
CharaName_笑面人,Smiling Face Man,ผู้ชายหน้ายิ้ม
CharaName_破戒的道人,Taoist who broke the precepts,นักพรตเต๋าผู้ทุศีล
CharaName_自信的武人,Confident Warrior,นักรบผู้มั่นใจ
CharaName_爆裂拳,Explosive Fist,ไอ้หนุ่มหมัดระเบิด
CharaName_百裂手,Hundred Crack Hand,หมัดทะลวงฟ้า
CharaName_释法寺·沙弥,Buddhist Temple-Novice,สามเณรวัดฉีฟา
CharaName_九流门·弟子,Nine Factions Sect·Disciple,ศิษย์นิกายเก้าฝ่าย
CharaName_神捕门·捕快,Crime Investigation Bureau·Constable,มือปราบสำนักสืบสวน
CharaName_神捕门·捕头,Crime Investigation Bureau·Chief Constable,หัวหน้ามือปราบสำนักสืบสวน
CharaName_燕子窝·弟子,Swallow's Nest Disciple,ศิษย์รังนกนางแอ่น
CharaName_虎威镖局·镖头,Tiger Escort-Escort Captain,สำนักคุ้มภัยพยัคฆา·หัวหน้าผู้คุ้มภัย
CharaName_琅琊剑阁·练功弟子,Langya Sword Pavilion·Training Disciple,สำนักกระบี่หลางหยา : ศิษย์ในการฝึกฝน
CharaName_海龙帮·喽罗,Sea Dragon Gang-Lackey,สมุนพรรคมังกรสมุทร
CharaName_飞鹰帮·喽罗,Flying Eagle Gang-Lackey,สมุนพรรคอินทรีเหิน
CharaName_道玄宗·弟子,Taoist Sect·Disciple,สำนักเต๋า·ลูกศิษย์
CharaName_孩子王,Child King,ราชันเด็ก
CharaName_老小孩,Old Kid,เด็กเฒ่า
CharaName_虿寨主,Chai Village Chief,หัวหน้าหมู่บ้านไฉ
CharaName_孔雀翎,Peacock Feather,ขนนกยูง
CharaName_毒丈夫,Poisonous Man,ชายพิษ
CharaName_寒潭客,ColdPond Man,แขกวังน้ำเย็น
CharaName_赛鲁班,Sai Luban,ไซลู่ปัน
CharaName_柱擎天,Grand Pillar,จู้ชิงเทียน
CharaName_舞蛇人,Snake Dancer,นักระบำงู
CharaName_梁上子,Liang Shangzi,เหลียงซางจื่อ
CharaName_花公子,Gentleman Flower,สุภาพบุรุษดอกไม้
CharaName_赤炼,Chi Lian,ชิเหลียน
CharaName_母夜叉,Yakshi or Witch,มารดาปีศาจราตรี
CharaName_拦路虎,Roadblock Tiger,เสือกั้นถนน
CharaName_截江龙,River-cutting Dragon,มังกรตัดแม่น้ำ
CharaName_上三杆,Top Poles Man,ยอดบุรุษผู้กล้าหาญ
CharaName_神无救,Shen WuJiu,เสินหวู่จิ่ว
CharaName_白无常,White Grim Reaper,ยมทูตขาว
CharaName_黑无常,Black Grim Reaper,ยมทูตทมิฬ
CharaName_潜火军,Hidden Fire Army,กองทัพเพลิงซ่อน
CharaName_赤焰鬼,Red Flame Ghost,ผีเพลิงแดง
CharaName_霸王花,Overlord Flower,เจ้าแห่งดอกไม้
CharaName_忍者,Ninja,นินจา
CharaName_撼天锤,Shaking Hammer,ค้อนสั่นสะเทือน
CharaName_妙笔生,Magic Pen Master,ปรมาจารย์ปากกาเวทย์มนต์
CharaName_黑旋风,Black Whirlwind,ลมหมุนทมิฬ
CharaName_双尾蝎,Double-tailed Scorpion,แมงป่องสองหาง
CharaName_仙药童,Fairy Medicine Boy,เด็กชายเซียนโอสถ
CharaName_寻玉师,Jade Seeker,ผู้แสวงหาหยก
CharaName_妇人心,Woman's Heart,หัวใจของผู้หญิง
CharaName_独钓客,Solo Angler,นักตกปลาคนเดียว
CharaName_制甲师,Armor Maker,ช่างทำเกราะ
CharaName_王府厨师,Palace Chef,พ่อครัววังหลวง
CharaName_收藏家,Collector,นักสะสม
CharaName_老仙姑,Old Fairy Lady,เซียนหญิงเฒ่า
CharaName_老药师,Old Pharmacist,เภสัชกรชรา
CharaName_妙裁缝,Master Tailor,ยอดช่างเย็บผ้า
CharaName_木雕师,Wood Carver,ช่างแกะสลักไม้
CharaName_建筑师,Architect,สถาปนิก
CharaName_卖艺人,Street Performer,นักแสดงข้างถนน
CharaName_异国商人,Foreign Merchant,พ่อค้าต่างแดน
CharaName_美食家,Gourmet,นักชิม
CharaName_庄稼人,Farmer,ชาวนา
CharaName_秀才郎,Scholar,นักวิชาการ
CharaName_穷书生,Poor Scholar,บัณฑิตตกยาก
CharaName_金钱豹,Spotted Leopard,เสือดาวเงิน
CharaName_甜品商,Dessert Merchant,คนขายขนมหวาน
CharaName_老郎中,Old Doctor,หมอผู้อาวุโส
CharaName_山中人,Mountain Man,ชาวเขา
CharaName_行脚商,Peddler,พ่อค้าหาบเร่
CharaName_珍宝商,Treasure Merchant,พ่อค้าสมบัติ
CharaName_俏丫鬟,Pretty Maid,สาวงามผู้รับใช้
CharaName_酒中客,Wine Guest,สหายสุรา
CharaName_摆渡人,Ferryman,คนพาย
CharaName_大小姐,Young Lady,แม่นางน้อย
CharaName_布头商,Cloth Merchant,คนขายผ้า
CharaName_何仙姑,He Fairy Lady,นางฟ้าเหอเซียงกู่
CharaName_高山猎人,Mountain Hunter,พรานภูเขา
CharaName_军需官,Military Supply Officer,เรือนจำ
CharaName_菜园子,Vegetable Garden,สวนผัก
CharaName_炼丹师,Alchemist,นักเล่นแร่แปรธาตุ
CharaName_赛华佗,Sai Huatuo,ไซฮัวโถว
CharaName_影子护卫,Shadow guardian,ผู้พิทักษ์เงา
CharaName_侍卫,Guard,องครักษ์
CharaName_九流门死士,Nine Factions Sect Desperate,จนตรอกนิกายเก้าฝ่าย
CharaName_沉鱼落雁,Alluring beauty,งามล้ำค่าดุจบุปผา
CharaName_劫匪,Robber,โจร
CharaName_兵痞,Army Riffraff,กองทัพขอทาน
CharaName_周玉汤,Zhou Yutang,โจวหยูถัง
CharaName_孙三娘,Sun Sanniang,ซันสันเนียง
CharaName_陆仁贾,Lu Renjia,หลู่เหรินเจีย
CharaName_自信的刀客,Confident Swordsman,มือกระบี่เปี่ยมความมั่นใจ
CharaName_白面书生,White-faced Scholar,บัณฑิตหน้าขาว
CharaName_火凤凰,Fire Phoenix,วิหคเพลิงอมตะ
CharaName_齐钰,Qi Yu,ฉีหยู
CharaName_狂虎,Kuang Hu,กวงหู
CharaName_战雄飞,Zhan Xiongfei,จ้านซงเฟย
CharaName_夜枭,Ye Xiao,เย่เซียว
CharaName_震山虎,Zhen Shanhu,เจิน ชานหู
CharaName_赛尉迟,Sai Yuchi,ซือหยูฉี
CharaName_索命,Suo Ming,โซวหมิง
CharaName_习剑的道士,Taoist Practicing Sword,นักพรตฝึกกระบี่
CharaName_翻江龙,Overturning River Dragon,มังกรพลิกน้ำ
CharaName_铁心,Iron Heart,หัวใจเหล็ก
CharaName_霹雳火,Thunderbolt Fire,เพลิงอัสนี
CharaName_土耗子,Tu Haozi,ถู เฮ่าซือ
CharaName_索命鬼,Lethal Ghost,ผู้เสพความตาย
CharaName_花和尚,Flower Monk,หลวงจีนลายบุปผา
CharaName_黑蝙蝠,Black Bat,ค้างคาวดำ
CharaName_铜钱豹,Tong Qianbao,ถง เฉียนเปา
CharaName_求败,Invincible,แสวงหาความพ่ายแพ้
CharaName_加藤小太郎,Kato Kotaro,คาโต้ โคทาโร่
CharaName_瘦狼,Thin Wolf,หมาป่าผอมโซ
CharaName_四郎,Four Lang,ซีหลาง
CharaName_刺客,Assassin,นักฆ่า
CharaName_强盗,Robber,โจร
CharaName_密探,Spy,สายลับ
CharaName_弓兵,Archer,มือธนู
CharaName_恶霸,Bully,ข่มเหงรังแก
CharaName_猎户,Hunter,นายพราน
CharaName_猎犬,Hunting Dog,หมาล่าเนื้อ
CharaName_巨熊,Giant Bear,หมียักษ์
CharaName_盗墓人,Tomb Raider,โจรปล้นสุสาน
CharaName_路霸,Road Bully,อันธพาลข้างถนน
CharaName_暗探,Secret Detective,นักสืบลับ
CharaName_猿猴,Monkey,ลิง
CharaName_食人虎,Man-eating Tiger,เสือกินคน
CharaName_晨,Chen,เฉิน
CharaName_四娘-生,Siniang-live,ซื่อเหนียง-มีชีวิต
CharaName_四娘-老,Siniang-old,ซื่อเหนียง-เฒ่า
CharaName_四娘-病,Siniang-illness,ซื่อเหนียง-ป่วย
CharaName_四娘-死,Siniang-death,ซื่อเหนียง-ตาย
CharaName_千雪,Qianxue,เฉียนเสวี่ย
CharaName_青青,Qingqing,ชิงชิง
CharaName_忘忧,Wangyou,หวังโหย่ว
CharaName_紫烟,Ziyan,จื่อเยียน
CharaName_银瓶,Yinping,หยินผิง
CharaName_木黎,Muli,มู่หลี
CharaName_小七,Xiaoqi,เสี่ยวฉี
CharaName_中横,Zhongheng,จงเหิง
CharaName_彩蝶,Caidie,ไฉ่ตี้
CharaName_嗔,Chen,เฉิน
CharaName_鸿轩,Hongxuan,หงซวน
CharaName_梦蝶,Mengdie,เมิ่งเตี๋ย
CharaName_道辅,Daofu,เต๋าฟู่
CharaName_鹏举,Pengju,เผิงจิว
CharaName_阳子,Yangzi,หยางสื่อ
CharaName_啸天,Xiaoian,เสี่ยวเทียน
CharaName_王爷,Prince,องค์ชาย
CharaName_元常,Yuanchang,หยวนฉาง
CharaName_攸之,Youzhi,โหย่วจือ
CharaName_绝尘,Juechen,เจวี่ยเฉิน
CharaName_会之,Huizhi,ฮุ่ยจือ
CharaName_春秋,Chunqiu,ชุนชิว
CharaName_阎罗,Yanluo,เหยียนหลัว
CharaName_云,Yun,หยุน
CharaName_乌珠,Wuzhu,อู๋จู
CharaName_亮,Liang,เหลียง
CharaName_元霸,Yuanba,หยวนป้า
CharaName_风波,Fengbo,เฟิ่งโป
CharaName_神机,Shenji,เฉินจี
CharaName_海棠,Haitang,ไห่ถัง
CharaName_再兴,Zaixing,ไซซิง
CharaName_恒,Heng,เหิง
CharaName_红玉,Hongyu,หงหยู
CharaName_剑一,Jianyi,เจี้ยนอี้
CharaName_武藏,Musashi,มุซาชิ
CharaName_兵卫,Hyoe,เฮียวเอะ
CharaName_樱羽,Sakuraha,ซะกุระบะ
CharaName_一刀,Yidao,อี้เตา
CharaName_百出,Baichu,ไป๋ฉู่
CharaName_倾城,Qingcheng,ชิงเฉิง
CharaName_无欺,Wuqi,อู๋ฉี
CharaName_二,Er,เอ้อร์
CharaName_三,San,ซาน
CharaName_月龙,Yuelong,เยว่หลง
CharaName_乐雅,Leya,เล่อหยา
CharaName_文修,Wenxiu,เหวินซิ่ว
CharaName_万三,Wansan,ว่านซาน
CharaName_本草,Bencao,เปิ่นเฉา
CharaName_文桓,Wenhuan,เหวินหวน
CharaName_子虚,Zixu,จีซู่
CharaName_罗冲,Luochong,หลัวจง
CharaName_浮名,Fuming,ฝูหมิง
CharaName_天,Sky,ท้องฟ้า
CharaName_诗楼,Shilou,ซื่อเหล่า
CharaName_姬,Ji,จี้
CharaName_不凡,Bufan,ปู้ฟาน
CharaName_之墨,Zhimo,จือโม่
CharaName_狂,Kuang,กวง
CharaName_痴,Chi,ชือ
CharaName_琴,Qin,ฉิน
CharaName_南天,Nantian,หนานเทียน
CharaName_天雄,Tianxiong,เทียนซง
CharaName_清扬,Qing Yang,ชิงหยาง
CharaName_剑南,Jian Nan,เจี้ยนหนาน
CharaName_太君,Tai Jun,ไท่จุน
CharaName_婉儿,Wan'er,หว่านเอ๋อ
CharaName_小白,Xiao Bai,เสี่ยวไป๋
CharaName_幺儿,Yao'er,เหยาเอ๋อ
CharaName_神仙醋,Shenxiancu,เสิ่นเซียนซู
CharaName_见愁,Jianchou,เจียนโจว
CharaName_皇帝,Emperor,ฮ่องเต้
CharaName_十八,Shiba,สือปา
CharaName_大锤,Dachui,ต้าฉุย
CharaName_四娘,Siniang,ซื่อเหนียง
CharaName_·主将,·Main General,· แม่ทัพหลัก
CharaName_大师,Master,ปรมาจารย์
CharaName_太监,Eunuch,ขันที
CharaName_·副将,·Deputy General,·รองแม่ทัพ
CharaName_庄稼汉,Farmer,ชาวนา
CharaName_严,Yan,เหยียน
CharaName_如蕊,Rurui,รุรุย
CharaName_楚,Chu,ฉู่
CharaName_狂生,Kuangsheng,กวงเฉิง
CharaName_昭宁,Zhaoning,จ้าวหนิง
CharaName_付,Fu,ฟู่
CharaName_瑶琴,Yaoqin,เหยาฉิน
CharaName_鱼,Yu,หยู
CharaName_歌行,Gexing,เก้อซิง
CharaName_毒龙,lizard,มังกรพิษ
CharaName_异变毒龙,Heteromorphic lizard,ตะกวดพิษกลายพันธุ์
CharaName_帮主,Master ,เจ้าตำหนัก
CharaName_抱琴侍女,Handmaid with guqin,สาวใช้ถือกู่ฉิน
CharaName_捧香侍女,Handmaid holding incense,สาวใช้ถือกำยาน
CharaName_武师,Martial Arts Trainer,ครูฝึกยุทธ
CharaName_噬魂蝎,Poisonous Scorpion,แมงป่องพิษ
CharaName_毒蛇,Viper,งูพิษ
CharaName_琼花谷·守关人,Snowflower Valley Gatekeeper,ผู้เฝ้าประตูหุบเขาโบตั๋น
CharaName_蓬头垢面的乞丐,A disheveled beggar,ขอทานสกปรก
CharaName_博士,Doctor,หมอ
CharaName_行人,Pedestrian,คนเดินเท้า
CharaTitle_族长,Clan Leader,หัวหน้าเผ่า
CharaTitle_指挥使,Commander,ผู้บัญชาการ
CharaTitle_元帅,Marshal,แม่ทัพใหญ่
CharaTitle_掌门,Sect Leader,เจ้าสำนัก
CharaTitle_圣主,Sage Lord,ปราชญ์ผู้ยิ่งใหญ่
CharaTitle_馆主,Sect Leader,เจ้าสำนัก
CharaTitle_老大,Boss,หัวหน้า
CharaTitle_住持,Abbot,เจ้าอาวาส
CharaTitle_寨主,Bandit Chief,หัวหน้าโจร
CharaTitle_阁主,Pavilion Master,เจ้าสำนัก
CharaTitle_总镖头,Elite Escort,เจ้าสำนักคุ้มภัย
CharaTitle_城主,City Lord,เจ้าเมือง
CharaTitle_楼主,Building owner,เจ้าของตึก
CharaTitle_安抚使,Pacifying Envoy,ผู้พิทักษ์ความสงบสุข
CharaTitle_门主,Sect Leader,เจ้าสำนัก
CharaTitle_坊主,Abbot,หัวหน้า
CharaTitle_岛主,Island Master,เจ้าเกาะ
CharaTitle_总捕头,Chief,หัวหน้ามือปราบ
CharaTitle_庄主,Manor Lord,เจ้าหมู่ตึก
CharaTitle_小二,Waiter,เสี่ยวเอ้อ
CharaTitle_长乐柜坊,Zhangyue Casino,บ่อนจางเยว่
CharaTitle_猎户,Hunter,นายพราน
CharaTitle_铁匠,Blacksmith,ช่างตีเหล็ก
CharaTitle_郎中,Physician,หมอ
CharaTitle_掌柜,Shopkeeper,เถ้าแก่
CharaTitle_霖安城,Lin'an City,เมืองหลินอัน
CharaTitle_悦来客栈,Hotel Delighted,โรงเตี๊ยมสุขสำราญ
CharaTitle_招财当铺,Pawn shop,โรงจำนำ
CharaTitle_珍品阁,Exquisite Pavilion,สำนักประณีต
CharaTitle_霖安武馆,Lin'an Dojo,โรงฝึกหลินอัน
CharaTitle_杂物肆,Grocery store,ร้านขายของชำ
CharaTitle_画罗轩,Painting Shop,ร้านภาพวาด
CharaTitle_凝香馆,Aroma House,ร้านเครื่องหอม
CharaTitle_太白楼,Wine God Tower,หอคอยเทพสุรา
CharaTitle_云林寺,Yunlin Temple,วัดป่าเมฆา
CharaTitle_康王府,Duke Kang's manor,ตำหนักอ๋องคัง
CharaTitle_群芳馆,Maiden House,ตำหนักพิสุทธิ์
CharaTitle_聚财坊,Relic House,หอสมบัติ
CharaTitle_平安镖局,Safeguard Escort,สำนักคุ้มภัยสันติสุข
CharaTitle_斗技场,Underground Arena,ลานประลองใต้ดิน
CharaTitle_楚襄城,Chuxiang City,เมืองฉู่เซียง
CharaTitle_福临客栈,Hotel Prosperous,โรงเตี๊ยมรุ่งโรจน์
CharaTitle_楚襄武馆,Chuxiang Dojo,โรงฝึกฉู่เซียง
CharaTitle_安济堂,Charity House,หอเยียวยา
CharaTitle_奇珍坊,Rare Artifact Shop,ร้านขายของหายาก
CharaTitle_杂货铺,Grocery store,ร้านขายของชำ
CharaTitle_白云观,White Cloud Temple,อารามเมฆขาว
CharaTitle_红袖阁,Pink Attire Pavilion,โรงผ้าแขนเสื้อแดง
CharaTitle_聚宝当铺,Pawn shop,โรงจำนำ
CharaTitle_品茗轩,Tea shop,โรงน้ำชา
CharaTitle_忘忧楼,Sorrowless Tavern,หอสุราลืมทุกข์
CharaTitle_隆中书院,Dragon Library,ห้องสมุดมังกร
CharaTitle_大梁城,Daliang City,เมืองต้าเหลียง
CharaTitle_浮云客栈,Hotel Drifting Cloud,โรงเตี๊ยมเคลื่อนเมฆา
CharaTitle_大梁武馆,Daliang Dojo,โรงฝึกต้าเหลียง
CharaTitle_回春堂,Clinic House,โรงหมอ
CharaTitle_多宝斋,Golden Fortune Shop,ร้านโชคทองคำ
CharaTitle_百货铺,Department store,ร้านค้า
CharaTitle_保国寺,Baoguo Temple,วัดเป่ากั๋ว
CharaTitle_云罗坊,Cloud Fabric Shop,ร้านผ้าเมฆา
CharaTitle_永乐当铺,Pawn shop,โรงจำนำ
CharaTitle_云华轩,Cloud Flower Shop,ร้านดอกไม้เมฆา
CharaTitle_珠光宝气楼,Glittering Artifact Auction,งานประมูลสินค้าหอไข่มุก
CharaTitle_太学馆,Imperial School,สำนักบัณฑิตหลวง
CharaTitle_汇文书局,Literature Bookstore,ร้านหนังสือวรรณกรรม
CharaTitle_擂台,Arena,ลานประลอง
CharaTitle_留香坊,Fragrance Square,จตุรัสเครื่องหอม
CharaTitle_繁华似锦楼,Tower of Prosperity,หอเจิดจรัส
CharaTitle_青风寨,Blue Wind Camp,ค่ายวายุคราม
CharaTitle_大王寨,Bandit Camp,ค่ายหัวหน้าโจร
CharaTitle_释法寺,Shifa Temple,อารามฉีฟา
CharaTitle_道玄宗,Taoist Sect,สำนักเต๋า
CharaTitle_儒圣馆,Confucius Temple,วัดขงจื้อ
CharaTitle_九流门,Nine Factions Sect,นิกายเก้าฝ่าย
CharaTitle_妙音坊,Melody House,ตำหนักบทเพลง
CharaTitle_神捕门,Crime Investigation Bureau,สำนักสืบสวน
CharaTitle_圣火宗,Holy Fire Sect,นิกายไฟศักดิ์สิทธิ์
CharaTitle_皇城司,Imperial City Office,สำนักพระราชวัง
CharaTitle_燕云铁军,Yan Yun Iron Army,กองทัพเหล็กเยี่ยนหยุน
CharaTitle_叶家军,Ye Family Battalion,กองพันตระกูลเย่
CharaTitle_蚍蜉城,Dragonfly City,เมืองแมลงปอ
CharaTitle_九江水寨,Jiujiang Fotress,ค่ายน้ำจิ่วเจียง
CharaTitle_九黎部落,Jiuli Tribe,เผ่าจิ่วลี่
CharaTitle_脏街,Dirty Street,ตรอกเล้าหมู
CharaTitle_摸金门,Tomb Raider Sect,สำนักปล้นสุสาน
CharaTitle_玄衣会,Black Robe Group,กลุ่มเสื้อคลุมดำ
CharaTitle_燕子窝,Swallow Nest,รังนกนางแอ่น
CharaTitle_虎威镖局,Tiger Escort ,สำนักคุ้มภัยพยัคฆา
CharaTitle_琅琊剑阁,Langya Sword Pavilion,สำนักกระบี่หลางหยา
CharaTitle_万兽山庄,Ten Thousand Beast Manor,หมู่ตึกหมื่นอสูร
CharaTitle_冷皮帮,Cold Skin Gang,พรรคมังสาเหมันต์
CharaTitle_夜摩坊,Night Auction Market,ตลาดประมูลราตรี
CharaTitle_海龙帮,Sea Dragon Gang,พรรคมังกรสมุทร 
CharaTitle_飞鹰帮,Flying Eagle Gang,พรรคอินทรีเหิน
CharaTitle_天鹫宫,Heavenly Vulture Palace,วังเทียนจิ่ว
CharaTitle_镇西关,West Border Patrol,ด่านชายแดนตะวันตก
CharaTitle_大理寺,Supreme Court,ศาลสูงสุด
CharaTitle_马王洞,Horse King Cave,ถ้ำราชาม้า
CharaTitle_琼花谷,Snowflower Valley,หุบเขาดอกไม้หิมะ
CharaTitle_流民,Refugee,ผู้ลี้ภัย
CharaTitle_通缉,Wanted,ปรารถนา
CharaTitle_武学大师,Martial Arts Master,ปรมาจารย์แห่งวิชายุทธ
CharaTitle_将军府,General's mansion,จวนแม่ทัพ
CharaTitle_选锋军,Elite Army,ทัพฉวนเฟิง
CharaTitle_胜捷军,Shengjie Army,กองทัพเซิ่งเจี๋ย
CharaTitle_踏白军,Vanguard Army,กองทัพท่าไป๋
CharaTitle_横江军,Cross River Army,กองทัพข้ามแม่น้ำ
CharaTitle_游奕军,Wandering Army,กองทัพพเนจร
CharaTitle_破敌军,Enemy Breaking Army,กองทัพพิชิตศัตรู
CharaTitle_五方军,Five Directions Army,กองทัพห้าทิศ
CharaTitle_流寇,Roving Bandit,โจรอันธพาล
CharaTitle_上京军,Capital Army,กองทัพหลวง
CharaTitle_南京军,Southern Capital Army,กองทัพหลวงทิศใต้
CharaTitle_中都军,Central Army,กองทัพกลาง
CharaTitle_文人,literati,บัณฑิต
CharaTitle_皇室,Royal Family,ราชวงศ์
CharaTitle_山贼,Brigand,โจร
CharaTitle_混混,Ruffian,คนพาล
CharaTitle_劫匪,Bandit,โจร
CharaTitle_点穴手,Immobilize Hand,ฝ่ามือจี้จุด
CharaTitle_一招大师,One Move Master,ปรมาจารย์วิชายุทธ์หนึ่งกระบวนท่า
CharaTitle_天地双侠,Twin Heroes of Heaven and Earth,สองวีรบุรุษสวรรค์และปฐพี
CharaTitle_神捕,Detective Masters,นวนิยายสืบสวน
CharaTitle_盗墓贼,Tomb Raider,โจรปล้นสุสาน
CharaTitle_忍者,Ninja,นินจา
CharaTitle_北斗拳,North Star Fist,หมัดดาวเหนือ
CharaTitle_移山观,Mountain Moving Observatory,หอสังเกตการณ์ภูผาเคลื่อน
CharaTitle_海蛟帮,Hai Jiao Gang,พรรคมังกรทะเล
CharaName_薇儿,Wei'er,เว่ยเอ๋อ
CharaName_威严冷傲的中年人,A stern and aloof middle-aged man,ชายวัยกลางคนผู้เคร่งขรึมและห่างเหิน
CharaName_绿帽子小哥,Green hat guy,ชายผู้ถูกภรรยานอกใจ
CharaName_隆兴,Longxing,หลงซิง
CharaName_和谐之猫,Meowalot,เหมียวอ้วน
CharaName_小E掌柜,Mr.E,คุณชายอี
CharaName_二九,twenty nIne,ยี่สิบเก้า
CharaName_小鬼,Xiao Gui,เสี่ยวกุ่ย
CharaName_石老猫,syygogo,syygogo
CharaName_迪女王,Di Queen,Di Queen
CharaName_骁骐,Seven,เจ็ด
CharaName_张少杰,Zhang Shaojie,จางเฉาเจี๋ย
CharaName_冯骏,Feng Jun,เฟิงจุน
CharaName_螺纹,Thread,เส้นใย
CharaName_逆风笑,Ni Fengxiao,หนี่เฟิงเซียว
CharaName_书匣子,Shu Xiazi,ซูเซียจือ
CharaName_练功捕头,Constable Trainer,ครูฝึกมือปราบ
CharaName_空空儿,Kong Kong'er,Kong Kong'er
CharaName_趟子手,Tang Zi Hand,มือแห่งถังจื่อ
CharaName_付瑶琴,Fu Yaoqin,ฟู่เหยาฉิน
CharaName_保镖头目,Bodyguard leader,หัวหน้าผู้คุ้มกัน
CharaName_特使,Special envoy,ทูตพิเศษ
CharaName_总镖头,Elite Escort,หัวหน้าสำนักคุ้มภัย
CharaName_账房先生,Accountant,นักบัญชี
CharaName_首席,Chief,หัวหน้า
CharaName_新的掌柜,New shopkeeper,เจ้าของร้านหน้าใหม่
CharaName_风闻台使者,Windrumor Platform Messenger,ผู้ส่งสารสถานีข่าว
CharaName_二掌柜,Second shopkeeper,เจ้าของร้านคนที่สอง
CharaName_贴身侍卫,Personal bodyguard,องครักษ์ส่วนตัว
CharaName_船夫,Boatman,คนพายเรือ
CharaName_管事太监,Steward eunuch,พ่อบ้านขันที
CharaName_齐王府护卫,Guard of Duke Qi's Manor,ยามตำหนักอ๋องฉี
CharaName_护国将军,National defense general,สมาคมพิทักษ์ผู้ยิ่งใหญ่แห่งแผ่นดิน
CharaName_镇国将军,National security general,สมาคมพิทักษ์ผู้รักษาความมั่นคง
CharaName_保国将军,National protection general,สมาคมพิทักษ์ปกป้องแผ่นดิน
CharaName_大内弓手,Palace archer,พลธนูวังหลวง
CharaName_掌印太监,Seal holding eunuch,ขันทีถือตราประทับ
CharaName_秉笔太监,Pen holding eunuch,ขันทีถือพู่กัน
CharaName_无聊的书生,Bored scholar,นักพรตน่าเบือ
CharaName_闹事的闲汉,Troublemaker,ตัวสร้างปัญหา
CharaName_年迈的老妇,Elderly woman,หญิงชรา
CharaName_年迈的老者,Elderly man,ชายชรา
CharaName_西门贺,Ximen He,ซีเมินเหอ
CharaName_智多星,Wisdom star,ดาวปัญญา
CharaName_兵王,Warrior king,ราชานักรบ
CharaTitle_新九流门,New Nine Factions Sect,นิกายเก้าฝ่ายใหม่
CharaTitle_龙翔镖局,Dragon Soaring Escort Agency,สำนักคุ้มภัยมังกรทะยาน
CharaTitle_玄武镖局,Black Tortoise Escort Agency,สำนักคุ้มภัยเต่าดำ
CharaTitle_鹰扬镖局,Eagle Soaring Escort Agency,สำนักคุ้มภัยอินทรีทะยาน
CharaTitle_书院,Calligraphy School,โรงเรียนประดิษฐ์ตัวอักษร
CharaTitle_画院,Painting School,โรงเรียนศิลปะ
CharaTitle_棋院,Go School,โรงเรียนหมากล้อม
CharaTitle_琴院,Qin School,โรงเรียนพิณ
CharaName_小寡妇,Little Widow,แม่ม่ายตัวน้อย
CharaName_霸气孤傲的中年人,Proud middle-aged man,ชายวัยกลางคนผู้ภาคภูมิ
CharaName_戴着面具的捕头,Masked constable,มือปราบสวมหน้ากาก
CharaName_满脸焦急的剑客,Anxious swordsman,มือกระบี่เก็บกด
CharaName_白发苍苍的老猎人,A white haired old hunter,นายพรานชรา
CharaName_神鹰,Divine Hawk,อินทรีศักดิ์สิทธิ์
CharaName_神鹰大侠,The Divine Hawk Hero,วีรบุรษอินทรีศักดิ์สิทธิ์
CharaName_馆长,Dean,คณบดี
CharaName_小雪豹,Little Snow Leopard,เสือดาวหิมะน้อย
CharaName_霜牙,Frost Fang,เขี้ยวเหมันต์
CharaName_苍髯,Depp Whisker,หนวดดำ
CharaName_雪灵,Snow Spirit,วิญญาณเหมันต์
CharaName_追风,Wind Chaser,ล่าวายุ
CharaName_寅将军,Tiger General,นายพลเสือ
CharaName_熊力士,Bear Warrior,นักรบหมี
CharaName_狼护法,Wolf Guardian,ผู้พิทักษ์หมาป่า
CharaName_猿先锋,Ape Herald,บิดาแห่งลิง
CharaName_玄霜元帅,Black Frost Marshal,แม่ทัพเหมันต์ทมิฬ
CharaName_老虎,Tiger,เสือ
CharaName_狼,Wolf,หมาป่า
CharaName_富家公子,Rich Young Master,นายน้อยผู้ร่ำรวย
CharaName_白衣公子,White clothed young master,นายน้อยชุดขาว
CharaName_西域富商,Western Regions merchants,พ่อค้าแดนตะวันตก
CharaName_新晋举人,Newly appointed jinshi,จอหงวนพึ่งบรรจุ
CharaName_咳嗽不止的中年人,Middle-aged person coughing,ชายวัยกลางคนที่ไอค่อกแค่ก
CharaName_脚步虚浮的老人,A wobbling old man,ชายชราขาอ่อนแรง
CharaName_邋遢的乞丐,Slovenly beggar,ขอทานสกปรก
CharaName_跛脚的妇人,A lame woman,สตรีขาไม่ดี
CharaName_面色惨白的女子,Pale-faced woman,สตรีหน้าซีด
CharaName_受伤的樵夫,Injured Woodcutter,คนตัดไม้ผู้บาดเจ็บ
CharaName_穿着棉袄的壮汉,Strong man in a coat of cotton,ชายแข็งแรงชุดฝ้าย
CharaName_盗猎者,Poacher,พวกลักลอบล่าสัตว์
CharaName_雪山居民,Snow mountain resident,ผู้อาศัยในหุบเขาหิมะ
CharaName_满脸横肉的胖子,Fat Men,ชายอ้วนหน้ากลม
CharaName_老猎人,Old Hunter,พรานชรา
CharaName_家丁甲,Servant A,คนรับใช้ ก
CharaName_家丁乙,Servant B,คนรับใช้ ข
CharaName_尖嘴猴腮的逃兵,A monkey-faced deserter,ทหารหนีทัพหน้าลิง
CharaName_阴险毒辣的老头,A sinister and vicious old man,ชายชราเจ้าเล่ห์ผู้ร้ายกาจ
CharaName_面目可憎的乞丐,A repulsive beggar,ขอทานน่ารังเกียจ
CharaName_面色阴沉的土夫子,A gloomy-faced peasant,ชาวนาหน้าหม่น
CharaName_不怀好意的道人,A malicious Taoist,นักพรเต๋าเจ้าเล่ห์
CharaName_贪色无厌的燕兵,A lustful Yan soldier,ทหารเยี่ยนหื่นกาม
CharaName_静安,Jing'an,จิ้งอัน
CharaName_书狂,Shu Kuang,ซู กวง
CharaName_画痴,Hua Chi,ฮวา ชือ
CharaName_不怀好意的军爷,A malicious military officer,เจ้าหน้าที่จอมเจ้าเล่ห์
CharaName_可疑的道士,A suspicious Taoist priest,นักพรตเต๋าน่าสงสัย
CharaName_成员,Member,สมาชิก
CharaName_苗木黎,Miao Muli,เมี้ยวมู่หลี
CharaName_佟道辅,Tong Daofu,ถงเต๋าฟู่
CharaName_叶鹏举,Ye Pengju,เย่เผิงจู
CharaName_重阳子,Zhong Yangzi,ฉงหยางสื่อ
CharaName_方啸天,Fang Xiaoian,ฟางเสี่ยวเทียน
CharaName_蔡元常,Cai Yuanchang,ไช่ หยวนฉาง
CharaName_步绝尘,Bu Juechen,ปู้ เจวี่ยเฉิน
CharaName_秦会之,Qin Huizhi,ฉิน ฮุ่ยจือ 
CharaName_秦阎罗,Qin Yanluo,ฉินเหยียนหลัว
CharaName_完颜乌珠,Wanyan Wuzhu,หวันเหยียนอู๋จู
CharaName_定风波,Ding Fengbo,ติง เฟิงป๋อ
CharaName_柳生武藏,Yagyū Musashi,ยางิว มุซาชิ
CharaName_孔一刀,Kong Yidao,ขง อี้เตา
CharaName_楚狂生,Chu Kuangsheng,ฉู่ กวงเฉิง
CharaName_曲忘忧,Qu Wangyou,ฉู่ หวังโหย่ว
CharaName_柳浮名,Liu Fuming,หลิว ฝูหมิง
CharaName_霍诗楼,Huo Shilou,ฮั่วซื่อเหล่า
CharaName_命不凡,Ming Bufan,หมิง ปู้ฟาน
CharaName_洛天雄,Luo Tianxiong,ลั่ว เทียนเซี่ยง
CharaName_唐太君,Tang Tai Jun,ถัง ไท่จุน 
CharaName_修罗真人,Shura Master,ปรมาจารย์อสุรา
CharaName_任中横,Ren Zhongheng,เหริน จงเหิง
CharaName_苗彩蝶,Miao Caidie,เมี้ยว ไฉ่ตี้
CharaName_凌鸿轩,Ling Hongxuan,หลิง หงซวน 
CharaName_凌梦蝶,Ling Mengdie,หลิง เมิ่งเตี๋ย
CharaName_邪戏子,Xie Xizi,นักแสดงต้มตุ๋น
CharaName_完颜昭宁,Wanyan Zhaoning,หวันเหยียน จ้าวหนิง
CharaName_庖春秋,Pao Chunqiu,เปา ชุนชิว
CharaName_叶云,Ye Yun,เย่ หยุน
CharaName_完颜亮,Wanyan Liang,หวันเหยียนเหลียง
CharaName_萧元霸,Xiao Yuanba,เสี่ยวหยวนป้า
CharaName_诸葛神机,Zhuge Shenji,จูเก๋อเฉินจี
CharaName_定海棠,Ding Haitang,ติง ไห่ถัง
CharaName_韩红玉,Han Hongyu,หาน หงหยู
CharaName_服部兵卫,Hattori Hyoe,ฮัตโตริ เฮียวเอะ
CharaName_计百出,Ji Baichu,จี้ ไป๋ฉู่
CharaName_顾倾城,Gu Qingcheng,กู่ ชิงเฉิง
CharaName_时文修,Shi Wenxiu,สือเหวินซิ่ว
CharaName_燕罗冲,Yan Luochong,เยี่ยนหลัวจง
CharaName_紫天,Zi Tian,จื่อเทียน
CharaName_裘之墨,Qiu Zhimo,ฉิวจือโม่
CharaName_哑琴,Ya Qin,หยาฉิน
CharaName_顾清扬,Gu Qing Yang,กู่ชิงหยาง
CharaName_鱼薇儿,Yu Wei'er,หยูเว่ยเอ๋อ
CharaName_凤璇玑,Feng Xuanji,เฟิงเสวียนจี
CharaName_何德诺,He Denuo,เหอเต๋อนัว
CharaName_海棠秋,Haitang Qiu,ไห่ถังฉิว
CharaName_小瘸子,Little Lame,ไอ้ขาเป๋
CharaName_老驼背,Old Hunchback,ตาแก่หลังค่อม
CharaName_严如蕊,Yan Rurui,เหยียนรุรุย
CharaName_替身·,Stand in·,ตัวแทน
CharaName_寡言的独眼汉子,A taciturn one-eyed man,ชายตาเดียวผู้เงียบขรึม
CharaName_傲慢冷酷的刀客,An arrogant and cold swordsman,มือกระบี่ที่หยิ่งผยองและเย็นชา
CharaName_俊秀飘逸的剑客,A handsome and elegant swordsman,มือกระบี่ที่หล่อเหลาและสง่างาม
CharaName_冷艳性感的女子,Emotionless Girl,แม่นางที่ไร้ความรู้สึก
CharaName_面容狰狞的汉子,Scary Man,ชายที่มีใบหน้าดุร้าย
CharaName_面容阴沉的老者,Gloomy Old Man,ชายชราที่มืดมน
CharaName_精明干练的女子,Smart Girl,ผู้หญิงที่ฉลาด
CharaName_行动不便的年轻人,Disabled Young Man,ชายหนุ่มพิการ
CharaName_容貌丑陋的老者,Ugly Old Man,ชายชราน่าเกลียด
CharaName_神秘莫测之人,A mysterious person,บุคคลปริศนา
CharaName_邋遢懒散的乞丐,Dirty Beggar,ขอทานสกปรก
CharaName_走火入魔的帮众,Obsessed Gang Member,สมาชิกพรรคหมกมุ่น
CharaName_凤,Feng,เฟิง
CharaName_璇玑,Xuanji,เสวียนจี
CharaName_何,He,เหอ
CharaName_德诺,Denuo,เต๋อนัว
CharaName_通天塔之主,Master of the Sky Tower,ปรมาจารย์แห่งหอสูงเทียมฟ้า
CharaName_梨花羡,Li Huaxian,หลี่ หัวเซี่ยน
CharaName_火蟾蜍,Flame Toad,คางคกอัคคี
CharaName_丁,D,D
CharaName_戊,E,E
CharaName_己,F,F
CharaName_庚,G,G
CharaName_辛,H,H
CharaName_壬,I,ข้า
CharaName_癸,J,J
CharaName_裁缝,Tailor,ช่างตัดเสื้อ
CharaName_杂货商贩,Grocery Merchant,พ่อค้าของชำ
CharaName_古董商贩,Antique Dealer,พ่อค้าขายของเก่า
CharaName_当铺掌柜,Pawn Shop Owner,เจ้าของโรงรับจำนำ
CharaName_酒馆老板,Tavern Owner,เจ้าของโรงเตี๊ยม
CharaName_茶商,Tea merchant,พ่อค้าขายชา
CharaName_通天塔商人,Sky Tower Merchant,พ่อค้าหอสูงเทียมฟ้า
CharaName_骨干,Backbone,เสาหลัก
CharaName_恢复神智的帮众,Recovering Gang Member,ผู้ช่วยเหลือฟื้นฟูสุขภาพ
CharaName_荒漠毒蝎,Desert Scorpion,แมงป่องทะเลทราย
CharaName_火蜥蜴,Salamander,ซาลาแมนเดอร์
CharaName_机关傀儡,Machinery Puppet,หุ่นเครื่องจักร
CharaName_骆驼,Camel,อูฐ
CharaName_山羊,Goat,แกะ
CharaName_黑衣人·首领,Man in black·Leader,หัวหน้าชายชุดดำ
CharaName_强盗头目,RobberLeader,หัวหน้าโจร
CharaName_戍边将军,Border General,แม่ทัพชายแดน
CharaName_戍边士兵,Border Soldier,ทหารชายแดน
CharaName_秋,Qiu,ฉิว
CharaName_独孤剑一,Dugu Jianyi,ตู๋กู เจี้ยนอี้
CharaName_刘老四,Liu Laosi,อาจารย์หลิว
CharaName_陈老汉,Chen Laohan,เฉิน เหล่าฮั่น
CharaName_李大娘,LI Daniang,หลี่ ต้าเหนียง
CharaName_韩婆婆,Grandma Han,ย่าหาน
CharaName_王大爷,Grandpa Wang,ปู่หวัง
CharaName_小松,Xiao Song,เสี่ยวซ่ง
CharaName_小雨,Xiao Yu,เสี่ยว อู
CharaName_年轻女子,Young Woman,หญิงสาว
CharaName_舞狮,Lion dancer,นักเชิดสิงโต
CharaName_舞龙,Dragon dancer,นักเชิดมังกร
CharaTitle_红衣会,Red Clothes Sect,สมาคมเสื้อแดง
CharaTitle_束云寨,Cloud Camp,ค่ายเมฆา
CharaTitle_宗主,Sect Master,เจ้าสำนัก
CharaTitle_十煞君,Ten Slaughter Army,ทัพสิบมาร
CharaTitle_玉门关,Jade Gate,ด่านประตูหยก
CharaTitle_爆竹匠人,Firecracker craftsman,ช่างทำพลุ
